nazwa,url
Kancelaria Radcow Prawnych Krzyzanowscy s.c.,https://sites.google.com/view/krzyanowscy-radcy/
Justyna Niedzwiecka, adwokat. Kancelaria Adwokacka,http://adwokatmragowo.pl/
Kancelaria Adwokacka Filia w Piszu Adwokat Joanna Wolska-Mach,http://www.adwokat-wolska.pl/
Kamieńska Malgorzata, adwokat. Kancelaria Adwokacka,http://www.adwokat-kamienska.pl/
Adwokat Agnieszka Soltys Kancelaria Adwokacka,http://www.adwokatsoltys.pl/
Kancelaria Radcy Prawnego Ewelina Borkowska,http://www.ewelinaborkowska.pl/
Kancelaria Radcy Prawnego Piotr Laszczkowski,https://www.laszczkowski.pl/
Kancelaria Radcy Prawnego Jakub Liszka,http://www.kancelaria-liszka.pl/
Kancelaria Radcy Prawnego Lukasz Rozmiarek,https://rozmiarek-kancelaria.pl/
Kancelaria Adwokacka Szymon Prawucki,https://www.adwokat-prawucki.pl/
Poradnictwo Prawne i Mediacje Katarzyna Zawadzka,https://nowy-start.pl/
Kancelaria adwokacka T.Koper A.Bas-Gidlewska,http://www.kancelariakbg.pl/
